name	type	x	y	z
S01	source	16.531919259259862	22.099900657045396	80.84387982533279
S02	source	-0.7260549336715645	25.16632026288004	87.4262576295207
S03	source	1.799712204903411	13.964346491759763	72.63759359273809
S04	source	-25.54958581963894	12.641766317761396	68.54949581454282
S05	source	-23.170128460325987	23.35890975869421	83.71687261943832
S06	source	-40.129290477287334	21.770622188795222	75.94304047063552
S07	source	-61.12861696596261	29.613338980699204	62.25305099183678
S08	source	-62.94082767806542	21.008758423077598	45.72291530690243
S09	source	-48.863032970906175	16.40846688031229	57.17810251203537
S10	source	-33.98293197260601	9.507712461661836	54.11871589116978
S11	source	-32.23328372261143	6.546001123169015	35.713953003570985
S12	source	-17.194394350649304	5.569531670377781	46.824606173643865
S13	source	-0.33699776061026077	6.0186490894529445	49.3276627542118
S14	source	15.61646408104722	7.270242663677781	39.607124251035245
S15	source	15.69274800922329	10.05126508335506	58.12274995106371
S16	source	28.644728458565794	18.732039911346934	66.6245991756297
S17	source	42.9418444372565	24.44471742301041	55.96973688934927
S18	source	40.519933448279	31.698561093257865	73.06021374545486
D01	detector	-2.891043082988004	19.02215599236485	79.8579175387053
D02	detector	9.210899437149394	25.705201412136958	86.59906663634091
D03	detector	5.868525510163902	20.4101891372284	80.30257701586386
D04	detector	11.285720176330319	16.503210007183387	74.45074687254538
D05	detector	-32.95701318023792	24.691341601530226	82.24744658749556
D06	detector	-20.980345524371334	17.192336963715206	76.17393349349898
D07	detector	-29.616334919084085	19.257099421750276	76.06980296820555
D08	detector	-34.91164605264301	15.887619700005397	69.78802882362211
D09	detector	-54.78181092398428	16.37164539956483	49.13544053227319
D10	detector	-64.85751729550151	27.218940889984424	53.3043158792331
D11	detector	-57.64415920497807	22.343521428029696	55.051356270258196
D12	detector	-53.29314939544841	23.43997799453984	62.7143123992683
D13	detector	-22.727400680015172	5.31841625335759	38.51554593758034
D14	detector	-36.51853981812576	8.553480585143197	44.507377046889324
D15	detector	-27.803536681955578	7.207748418402877	45.55242502279488
D16	detector	-24.164669547725797	7.751348416707845	53.63435208391497
D17	detector	19.08173051167646	9.22697737796419	48.76577141219723
D18	detector	5.913909749778039	5.9143381526310925	41.54094492671666
D19	detector	10.324071443220083	7.780052278828595	49.019178985436916
D20	detector	5.976574068205746	8.198841305890504	56.75082061739685
D21	detector	44.53535441810551	30.073187684288044	64.06286659662865
D22	detector	34.78032941267968	19.421688323014305	58.776256293201506
D23	detector	37.368835448033764	24.958439475871735	65.2181832701446
D24	detector	32.7908225133161	25.380442420312868	72.8154269206037
