name	type	source	detector	wavelength_nominal	units
S01-D01-735.0	NIRSCWAMPLITUDE	S01	D01	735.0	dimensionless
S01-D01-850.0	NIRSCWAMPLITUDE	S01	D01	850.0	dimensionless
S01-D02-735.0	NIRSCWAMPLITUDE	S01	D02	735.0	dimensionless
S01-D02-850.0	NIRSCWAMPLITUDE	S01	D02	850.0	dimensionless
S01-D03-735.0	NIRSCWAMPLITUDE	S01	D03	735.0	dimensionless
S01-D03-850.0	NIRSCWAMPLITUDE	S01	D03	850.0	dimensionless
S01-D04-735.0	NIRSCWAMPLITUDE	S01	D04	735.0	dimensionless
S01-D04-850.0	NIRSCWAMPLITUDE	S01	D04	850.0	dimensionless
S01-D05-735.0	NIRSCWAMPLITUDE	S01	D05	735.0	dimensionless
S01-D05-850.0	NIRSCWAMPLITUDE	S01	D05	850.0	dimensionless
S01-D06-735.0	NIRSCWAMPLITUDE	S01	D06	735.0	dimensionless
S01-D06-850.0	NIRSCWAMPLITUDE	S01	D06	850.0	dimensionless
S01-D07-735.0	NIRSCWAMPLITUDE	S01	D07	735.0	dimensionless
S01-D07-850.0	NIRSCWAMPLITUDE	S01	D07	850.0	dimensionless
S01-D08-735.0	NIRSCWAMPLITUDE	S01	D08	735.0	dimensionless
S01-D08-850.0	NIRSCWAMPLITUDE	S01	D08	850.0	dimensionless
S01-D09-735.0	NIRSCWAMPLITUDE	S01	D09	735.0	dimensionless
S01-D09-850.0	NIRSCWAMPLITUDE	S01	D09	850.0	dimensionless
S01-D10-735.0	NIRSCWAMPLITUDE	S01	D10	735.0	dimensionless
S01-D10-850.0	NIRSCWAMPLITUDE	S01	D10	850.0	dimensionless
S01-D11-735.0	NIRSCWAMPLITUDE	S01	D11	735.0	dimensionless
S01-D11-850.0	NIRSCWAMPLITUDE	S01	D11	850.0	dimensionless
S01-D12-735.0	NIRSCWAMPLITUDE	S01	D12	735.0	dimensionless
S01-D12-850.0	NIRSCWAMPLITUDE	S01	D12	850.0	dimensionless
S01-D13-735.0	NIRSCWAMPLITUDE	S01	D13	735.0	dimensionless
S01-D13-850.0	NIRSCWAMPLITUDE	S01	D13	850.0	dimensionless
S01-D14-735.0	NIRSCWAMPLITUDE	S01	D14	735.0	dimensionless
S01-D14-850.0	NIRSCWAMPLITUDE	S01	D14	850.0	dimensionless
S01-D15-735.0	NIRSCWAMPLITUDE	S01	D15	735.0	dimensionless
S01-D15-850.0	NIRSCWAMPLITUDE	S01	D15	850.0	dimensionless
S01-D16-735.0	NIRSCWAMPLITUDE	S01	D16	735.0	dimensionless
S01-D16-850.0	NIRSCWAMPLITUDE	S01	D16	850.0	dimensionless
S01-D17-735.0	NIRSCWAMPLITUDE	S01	D17	735.0	dimensionless
S01-D17-850.0	NIRSCWAMPLITUDE	S01	D17	850.0	dimensionless
S01-D18-735.0	NIRSCWAMPLITUDE	S01	D18	735.0	dimensionless
S01-D18-850.0	NIRSCWAMPLITUDE	S01	D18	850.0	dimensionless
S01-D19-735.0	NIRSCWAMPLITUDE	S01	D19	735.0	dimensionless
S01-D19-850.0	NIRSCWAMPLITUDE	S01	D19	850.0	dimensionless
S01-D20-735.0	NIRSCWAMPLITUDE	S01	D20	735.0	dimensionless
S01-D20-850.0	NIRSCWAMPLITUDE	S01	D20	850.0	dimensionless
S01-D21-735.0	NIRSCWAMPLITUDE	S01	D21	735.0	dimensionless
S01-D21-850.0	NIRSCWAMPLITUDE	S01	D21	850.0	dimensionless
S01-D22-735.0	NIRSCWAMPLITUDE	S01	D22	735.0	dimensionless
S01-D22-850.0	NIRSCWAMPLITUDE	S01	D22	850.0	dimensionless
S01-D23-735.0	NIRSCWAMPLITUDE	S01	D23	735.0	dimensionless
S01-D23-850.0	NIRSCWAMPLITUDE	S01	D23	850.0	dimensionless
S01-D24-735.0	NIRSCWAMPLITUDE	S01	D24	735.0	dimensionless
S01-D24-850.0	NIRSCWAMPLITUDE	S01	D24	850.0	dimensionless
S02-D01-735.0	NIRSCWAMPLITUDE	S02	D01	735.0	dimensionless
S02-D01-850.0	NIRSCWAMPLITUDE	S02	D01	850.0	dimensionless
S02-D02-735.0	NIRSCWAMPLITUDE	S02	D02	735.0	dimensionless
S02-D02-850.0	NIRSCWAMPLITUDE	S02	D02	850.0	dimensionless
S02-D03-735.0	NIRSCWAMPLITUDE	S02	D03	735.0	dimensionless
S02-D03-850.0	NIRSCWAMPLITUDE	S02	D03	850.0	dimensionless
S02-D04-735.0	NIRSCWAMPLITUDE	S02	D04	735.0	dimensionless
S02-D04-850.0	NIRSCWAMPLITUDE	S02	D04	850.0	dimensionless
S02-D05-735.0	NIRSCWAMPLITUDE	S02	D05	735.0	dimensionless
S02-D05-850.0	NIRSCWAMPLITUDE	S02	D05	850.0	dimensionless
S02-D06-735.0	NIRSCWAMPLITUDE	S02	D06	735.0	dimensionless
S02-D06-850.0	NIRSCWAMPLITUDE	S02	D06	850.0	dimensionless
S02-D07-735.0	NIRSCWAMPLITUDE	S02	D07	735.0	dimensionless
S02-D07-850.0	NIRSCWAMPLITUDE	S02	D07	850.0	dimensionless
S02-D08-735.0	NIRSCWAMPLITUDE	S02	D08	735.0	dimensionless
S02-D08-850.0	NIRSCWAMPLITUDE	S02	D08	850.0	dimensionless
S02-D09-735.0	NIRSCWAMPLITUDE	S02	D09	735.0	dimensionless
S02-D09-850.0	NIRSCWAMPLITUDE	S02	D09	850.0	dimensionless
S02-D10-735.0	NIRSCWAMPLITUDE	S02	D10	735.0	dimensionless
S02-D10-850.0	NIRSCWAMPLITUDE	S02	D10	850.0	dimensionless
S02-D11-735.0	NIRSCWAMPLITUDE	S02	D11	735.0	dimensionless
S02-D11-850.0	NIRSCWAMPLITUDE	S02	D11	850.0	dimensionless
S02-D12-735.0	NIRSCWAMPLITUDE	S02	D12	735.0	dimensionless
S02-D12-850.0	NIRSCWAMPLITUDE	S02	D12	850.0	dimensionless
S02-D13-735.0	NIRSCWAMPLITUDE	S02	D13	735.0	dimensionless
S02-D13-850.0	NIRSCWAMPLITUDE	S02	D13	850.0	dimensionless
S02-D14-735.0	NIRSCWAMPLITUDE	S02	D14	735.0	dimensionless
S02-D14-850.0	NIRSCWAMPLITUDE	S02	D14	850.0	dimensionless
S02-D15-735.0	NIRSCWAMPLITUDE	S02	D15	735.0	dimensionless
S02-D15-850.0	NIRSCWAMPLITUDE	S02	D15	850.0	dimensionless
S02-D16-735.0	NIRSCWAMPLITUDE	S02	D16	735.0	dimensionless
S02-D16-850.0	NIRSCWAMPLITUDE	S02	D16	850.0	dimensionless
S02-D17-735.0	NIRSCWAMPLITUDE	S02	D17	735.0	dimensionless
S02-D17-850.0	NIRSCWAMPLITUDE	S02	D17	850.0	dimensionless
S02-D18-735.0	NIRSCWAMPLITUDE	S02	D18	735.0	dimensionless
S02-D18-850.0	NIRSCWAMPLITUDE	S02	D18	850.0	dimensionless
S02-D19-735.0	NIRSCWAMPLITUDE	S02	D19	735.0	dimensionless
S02-D19-850.0	NIRSCWAMPLITUDE	S02	D19	850.0	dimensionless
S02-D20-735.0	NIRSCWAMPLITUDE	S02	D20	735.0	dimensionless
S02-D20-850.0	NIRSCWAMPLITUDE	S02	D20	850.0	dimensionless
S02-D21-735.0	NIRSCWAMPLITUDE	S02	D21	735.0	dimensionless
S02-D21-850.0	NIRSCWAMPLITUDE	S02	D21	850.0	dimensionless
S02-D22-735.0	NIRSCWAMPLITUDE	S02	D22	735.0	dimensionless
S02-D22-850.0	NIRSCWAMPLITUDE	S02	D22	850.0	dimensionless
S02-D23-735.0	NIRSCWAMPLITUDE	S02	D23	735.0	dimensionless
S02-D23-850.0	NIRSCWAMPLITUDE	S02	D23	850.0	dimensionless
S02-D24-735.0	NIRSCWAMPLITUDE	S02	D24	735.0	dimensionless
S02-D24-850.0	NIRSCWAMPLITUDE	S02	D24	850.0	dimensionless
S03-D01-735.0	NIRSCWAMPLITUDE	S03	D01	735.0	dimensionless
S03-D01-850.0	NIRSCWAMPLITUDE	S03	D01	850.0	dimensionless
S03-D02-735.0	NIRSCWAMPLITUDE	S03	D02	735.0	dimensionless
S03-D02-850.0	NIRSCWAMPLITUDE	S03	D02	850.0	dimensionless
S03-D03-735.0	NIRSCWAMPLITUDE	S03	D03	735.0	dimensionless
S03-D03-850.0	NIRSCWAMPLITUDE	S03	D03	850.0	dimensionless
S03-D04-735.0	NIRSCWAMPLITUDE	S03	D04	735.0	dimensionless
S03-D04-850.0	NIRSCWAMPLITUDE	S03	D04	850.0	dimensionless
S03-D05-735.0	NIRSCWAMPLITUDE	S03	D05	735.0	dimensionless
S03-D05-850.0	NIRSCWAMPLITUDE	S03	D05	850.0	dimensionless
S03-D06-735.0	NIRSCWAMPLITUDE	S03	D06	735.0	dimensionless
S03-D06-850.0	NIRSCWAMPLITUDE	S03	D06	850.0	dimensionless
S03-D07-735.0	NIRSCWAMPLITUDE	S03	D07	735.0	dimensionless
S03-D07-850.0	NIRSCWAMPLITUDE	S03	D07	850.0	dimensionless
S03-D08-735.0	NIRSCWAMPLITUDE	S03	D08	735.0	dimensionless
S03-D08-850.0	NIRSCWAMPLITUDE	S03	D08	850.0	dimensionless
S03-D09-735.0	NIRSCWAMPLITUDE	S03	D09	735.0	dimensionless
S03-D09-850.0	NIRSCWAMPLITUDE	S03	D09	850.0	dimensionless
S03-D10-735.0	NIRSCWAMPLITUDE	S03	D10	735.0	dimensionless
S03-D10-850.0	NIRSCWAMPLITUDE	S03	D10	850.0	dimensionless
S03-D11-735.0	NIRSCWAMPLITUDE	S03	D11	735.0	dimensionless
S03-D11-850.0	NIRSCWAMPLITUDE	S03	D11	850.0	dimensionless
S03-D12-735.0	NIRSCWAMPLITUDE	S03	D12	735.0	dimensionless
S03-D12-850.0	NIRSCWAMPLITUDE	S03	D12	850.0	dimensionless
S03-D13-735.0	NIRSCWAMPLITUDE	S03	D13	735.0	dimensionless
S03-D13-850.0	NIRSCWAMPLITUDE	S03	D13	850.0	dimensionless
S03-D14-735.0	NIRSCWAMPLITUDE	S03	D14	735.0	dimensionless
S03-D14-850.0	NIRSCWAMPLITUDE	S03	D14	850.0	dimensionless
S03-D15-735.0	NIRSCWAMPLITUDE	S03	D15	735.0	dimensionless
S03-D15-850.0	NIRSCWAMPLITUDE	S03	D15	850.0	dimensionless
S03-D16-735.0	NIRSCWAMPLITUDE	S03	D16	735.0	dimensionless
S03-D16-850.0	NIRSCWAMPLITUDE	S03	D16	850.0	dimensionless
S03-D17-735.0	NIRSCWAMPLITUDE	S03	D17	735.0	dimensionless
S03-D17-850.0	NIRSCWAMPLITUDE	S03	D17	850.0	dimensionless
S03-D18-735.0	NIRSCWAMPLITUDE	S03	D18	735.0	dimensionless
S03-D18-850.0	NIRSCWAMPLITUDE	S03	D18	850.0	dimensionless
S03-D19-735.0	NIRSCWAMPLITUDE	S03	D19	735.0	dimensionless
S03-D19-850.0	NIRSCWAMPLITUDE	S03	D19	850.0	dimensionless
S03-D20-735.0	NIRSCWAMPLITUDE	S03	D20	735.0	dimensionless
S03-D20-850.0	NIRSCWAMPLITUDE	S03	D20	850.0	dimensionless
S03-D21-735.0	NIRSCWAMPLITUDE	S03	D21	735.0	dimensionless
S03-D21-850.0	NIRSCWAMPLITUDE	S03	D21	850.0	dimensionless
S03-D22-735.0	NIRSCWAMPLITUDE	S03	D22	735.0	dimensionless
S03-D22-850.0	NIRSCWAMPLITUDE	S03	D22	850.0	dimensionless
S03-D23-735.0	NIRSCWAMPLITUDE	S03	D23	735.0	dimensionless
S03-D23-850.0	NIRSCWAMPLITUDE	S03	D23	850.0	dimensionless
S03-D24-735.0	NIRSCWAMPLITUDE	S03	D24	735.0	dimensionless
S03-D24-850.0	NIRSCWAMPLITUDE	S03	D24	850.0	dimensionless
S04-D01-735.0	NIRSCWAMPLITUDE	S04	D01	735.0	dimensionless
S04-D01-850.0	NIRSCWAMPLITUDE	S04	D01	850.0	dimensionless
S04-D02-735.0	NIRSCWAMPLITUDE	S04	D02	735.0	dimensionless
S04-D02-850.0	NIRSCWAMPLITUDE	S04	D02	850.0	dimensionless
S04-D03-735.0	NIRSCWAMPLITUDE	S04	D03	735.0	dimensionless
S04-D03-850.0	NIRSCWAMPLITUDE	S04	D03	850.0	dimensionless
S04-D04-735.0	NIRSCWAMPLITUDE	S04	D04	735.0	dimensionless
S04-D04-850.0	NIRSCWAMPLITUDE	S04	D04	850.0	dimensionless
S04-D05-735.0	NIRSCWAMPLITUDE	S04	D05	735.0	dimensionless
S04-D05-850.0	NIRSCWAMPLITUDE	S04	D05	850.0	dimensionless
S04-D06-735.0	NIRSCWAMPLITUDE	S04	D06	735.0	dimensionless
S04-D06-850.0	NIRSCWAMPLITUDE	S04	D06	850.0	dimensionless
S04-D07-735.0	NIRSCWAMPLITUDE	S04	D07	735.0	dimensionless
S04-D07-850.0	NIRSCWAMPLITUDE	S04	D07	850.0	dimensionless
S04-D08-735.0	NIRSCWAMPLITUDE	S04	D08	735.0	dimensionless
S04-D08-850.0	NIRSCWAMPLITUDE	S04	D08	850.0	dimensionless
S04-D09-735.0	NIRSCWAMPLITUDE	S04	D09	735.0	dimensionless
S04-D09-850.0	NIRSCWAMPLITUDE	S04	D09	850.0	dimensionless
S04-D10-735.0	NIRSCWAMPLITUDE	S04	D10	735.0	dimensionless
S04-D10-850.0	NIRSCWAMPLITUDE	S04	D10	850.0	dimensionless
S04-D11-735.0	NIRSCWAMPLITUDE	S04	D11	735.0	dimensionless
S04-D11-850.0	NIRSCWAMPLITUDE	S04	D11	850.0	dimensionless
S04-D12-735.0	NIRSCWAMPLITUDE	S04	D12	735.0	dimensionless
S04-D12-850.0	NIRSCWAMPLITUDE	S04	D12	850.0	dimensionless
S04-D13-735.0	NIRSCWAMPLITUDE	S04	D13	735.0	dimensionless
S04-D13-850.0	NIRSCWAMPLITUDE	S04	D13	850.0	dimensionless
S04-D14-735.0	NIRSCWAMPLITUDE	S04	D14	735.0	dimensionless
S04-D14-850.0	NIRSCWAMPLITUDE	S04	D14	850.0	dimensionless
S04-D15-735.0	NIRSCWAMPLITUDE	S04	D15	735.0	dimensionless
S04-D15-850.0	NIRSCWAMPLITUDE	S04	D15	850.0	dimensionless
S04-D16-735.0	NIRSCWAMPLITUDE	S04	D16	735.0	dimensionless
S04-D16-850.0	NIRSCWAMPLITUDE	S04	D16	850.0	dimensionless
S04-D17-735.0	NIRSCWAMPLITUDE	S04	D17	735.0	dimensionless
S04-D17-850.0	NIRSCWAMPLITUDE	S04	D17	850.0	dimensionless
S04-D18-735.0	NIRSCWAMPLITUDE	S04	D18	735.0	dimensionless
S04-D18-850.0	NIRSCWAMPLITUDE	S04	D18	850.0	dimensionless
S04-D19-735.0	NIRSCWAMPLITUDE	S04	D19	735.0	dimensionless
S04-D19-850.0	NIRSCWAMPLITUDE	S04	D19	850.0	dimensionless
S04-D20-735.0	NIRSCWAMPLITUDE	S04	D20	735.0	dimensionless
S04-D20-850.0	NIRSCWAMPLITUDE	S04	D20	850.0	dimensionless
S04-D21-735.0	NIRSCWAMPLITUDE	S04	D21	735.0	dimensionless
S04-D21-850.0	NIRSCWAMPLITUDE	S04	D21	850.0	dimensionless
S04-D22-735.0	NIRSCWAMPLITUDE	S04	D22	735.0	dimensionless
S04-D22-850.0	NIRSCWAMPLITUDE	S04	D22	850.0	dimensionless
S04-D23-735.0	NIRSCWAMPLITUDE	S04	D23	735.0	dimensionless
S04-D23-850.0	NIRSCWAMPLITUDE	S04	D23	850.0	dimensionless
S04-D24-735.0	NIRSCWAMPLITUDE	S04	D24	735.0	dimensionless
S04-D24-850.0	NIRSCWAMPLITUDE	S04	D24	850.0	dimensionless
S05-D01-735.0	NIRSCWAMPLITUDE	S05	D01	735.0	dimensionless
S05-D01-850.0	NIRSCWAMPLITUDE	S05	D01	850.0	dimensionless
S05-D02-735.0	NIRSCWAMPLITUDE	S05	D02	735.0	dimensionless
S05-D02-850.0	NIRSCWAMPLITUDE	S05	D02	850.0	dimensionless
S05-D03-735.0	NIRSCWAMPLITUDE	S05	D03	735.0	dimensionless
S05-D03-850.0	NIRSCWAMPLITUDE	S05	D03	850.0	dimensionless
S05-D04-735.0	NIRSCWAMPLITUDE	S05	D04	735.0	dimensionless
S05-D04-850.0	NIRSCWAMPLITUDE	S05	D04	850.0	dimensionless
S05-D05-735.0	NIRSCWAMPLITUDE	S05	D05	735.0	dimensionless
S05-D05-850.0	NIRSCWAMPLITUDE	S05	D05	850.0	dimensionless
S05-D06-735.0	NIRSCWAMPLITUDE	S05	D06	735.0	dimensionless
S05-D06-850.0	NIRSCWAMPLITUDE	S05	D06	850.0	dimensionless
S05-D07-735.0	NIRSCWAMPLITUDE	S05	D07	735.0	dimensionless
S05-D07-850.0	NIRSCWAMPLITUDE	S05	D07	850.0	dimensionless
S05-D08-735.0	NIRSCWAMPLITUDE	S05	D08	735.0	dimensionless
S05-D08-850.0	NIRSCWAMPLITUDE	S05	D08	850.0	dimensionless
S05-D09-735.0	NIRSCWAMPLITUDE	S05	D09	735.0	dimensionless
S05-D09-850.0	NIRSCWAMPLITUDE	S05	D09	850.0	dimensionless
S05-D10-735.0	NIRSCWAMPLITUDE	S05	D10	735.0	dimensionless
S05-D10-850.0	NIRSCWAMPLITUDE	S05	D10	850.0	dimensionless
S05-D11-735.0	NIRSCWAMPLITUDE	S05	D11	735.0	dimensionless
S05-D11-850.0	NIRSCWAMPLITUDE	S05	D11	850.0	dimensionless
S05-D12-735.0	NIRSCWAMPLITUDE	S05	D12	735.0	dimensionless
S05-D12-850.0	NIRSCWAMPLITUDE	S05	D12	850.0	dimensionless
S05-D13-735.0	NIRSCWAMPLITUDE	S05	D13	735.0	dimensionless
S05-D13-850.0	NIRSCWAMPLITUDE	S05	D13	850.0	dimensionless
S05-D14-735.0	NIRSCWAMPLITUDE	S05	D14	735.0	dimensionless
S05-D14-850.0	NIRSCWAMPLITUDE	S05	D14	850.0	dimensionless
S05-D15-735.0	NIRSCWAMPLITUDE	S05	D15	735.0	dimensionless
S05-D15-850.0	NIRSCWAMPLITUDE	S05	D15	850.0	dimensionless
S05-D16-735.0	NIRSCWAMPLITUDE	S05	D16	735.0	dimensionless
S05-D16-850.0	NIRSCWAMPLITUDE	S05	D16	850.0	dimensionless
S05-D17-735.0	NIRSCWAMPLITUDE	S05	D17	735.0	dimensionless
S05-D17-850.0	NIRSCWAMPLITUDE	S05	D17	850.0	dimensionless
S05-D18-735.0	NIRSCWAMPLITUDE	S05	D18	735.0	dimensionless
S05-D18-850.0	NIRSCWAMPLITUDE	S05	D18	850.0	dimensionless
S05-D19-735.0	NIRSCWAMPLITUDE	S05	D19	735.0	dimensionless
S05-D19-850.0	NIRSCWAMPLITUDE	S05	D19	850.0	dimensionless
S05-D20-735.0	NIRSCWAMPLITUDE	S05	D20	735.0	dimensionless
S05-D20-850.0	NIRSCWAMPLITUDE	S05	D20	850.0	dimensionless
S05-D21-735.0	NIRSCWAMPLITUDE	S05	D21	735.0	dimensionless
S05-D21-850.0	NIRSCWAMPLITUDE	S05	D21	850.0	dimensionless
S05-D22-735.0	NIRSCWAMPLITUDE	S05	D22	735.0	dimensionless
S05-D22-850.0	NIRSCWAMPLITUDE	S05	D22	850.0	dimensionless
S05-D23-735.0	NIRSCWAMPLITUDE	S05	D23	735.0	dimensionless
S05-D23-850.0	NIRSCWAMPLITUDE	S05	D23	850.0	dimensionless
S05-D24-735.0	NIRSCWAMPLITUDE	S05	D24	735.0	dimensionless
S05-D24-850.0	NIRSCWAMPLITUDE	S05	D24	850.0	dimensionless
S06-D01-735.0	NIRSCWAMPLITUDE	S06	D01	735.0	dimensionless
S06-D01-850.0	NIRSCWAMPLITUDE	S06	D01	850.0	dimensionless
S06-D02-735.0	NIRSCWAMPLITUDE	S06	D02	735.0	dimensionless
S06-D02-850.0	NIRSCWAMPLITUDE	S06	D02	850.0	dimensionless
S06-D03-735.0	NIRSCWAMPLITUDE	S06	D03	735.0	dimensionless
S06-D03-850.0	NIRSCWAMPLITUDE	S06	D03	850.0	dimensionless
S06-D04-735.0	NIRSCWAMPLITUDE	S06	D04	735.0	dimensionless
S06-D04-850.0	NIRSCWAMPLITUDE	S06	D04	850.0	dimensionless
S06-D05-735.0	NIRSCWAMPLITUDE	S06	D05	735.0	dimensionless
S06-D05-850.0	NIRSCWAMPLITUDE	S06	D05	850.0	dimensionless
S06-D06-735.0	NIRSCWAMPLITUDE	S06	D06	735.0	dimensionless
S06-D06-850.0	NIRSCWAMPLITUDE	S06	D06	850.0	dimensionless
S06-D07-735.0	NIRSCWAMPLITUDE	S06	D07	735.0	dimensionless
S06-D07-850.0	NIRSCWAMPLITUDE	S06	D07	850.0	dimensionless
S06-D08-735.0	NIRSCWAMPLITUDE	S06	D08	735.0	dimensionless
S06-D08-850.0	NIRSCWAMPLITUDE	S06	D08	850.0	dimensionless
S06-D09-735.0	NIRSCWAMPLITUDE	S06	D09	735.0	dimensionless
S06-D09-850.0	NIRSCWAMPLITUDE	S06	D09	850.0	dimensionless
S06-D10-735.0	NIRSCWAMPLITUDE	S06	D10	735.0	dimensionless
S06-D10-850.0	NIRSCWAMPLITUDE	S06	D10	850.0	dimensionless
S06-D11-735.0	NIRSCWAMPLITUDE	S06	D11	735.0	dimensionless
S06-D11-850.0	NIRSCWAMPLITUDE	S06	D11	850.0	dimensionless
S06-D12-735.0	NIRSCWAMPLITUDE	S06	D12	735.0	dimensionless
S06-D12-850.0	NIRSCWAMPLITUDE	S06	D12	850.0	dimensionless
S06-D13-735.0	NIRSCWAMPLITUDE	S06	D13	735.0	dimensionless
S06-D13-850.0	NIRSCWAMPLITUDE	S06	D13	850.0	dimensionless
S06-D14-735.0	NIRSCWAMPLITUDE	S06	D14	735.0	dimensionless
S06-D14-850.0	NIRSCWAMPLITUDE	S06	D14	850.0	dimensionless
S06-D15-735.0	NIRSCWAMPLITUDE	S06	D15	735.0	dimensionless
S06-D15-850.0	NIRSCWAMPLITUDE	S06	D15	850.0	dimensionless
S06-D16-735.0	NIRSCWAMPLITUDE	S06	D16	735.0	dimensionless
S06-D16-850.0	NIRSCWAMPLITUDE	S06	D16	850.0	dimensionless
S06-D17-735.0	NIRSCWAMPLITUDE	S06	D17	735.0	dimensionless
S06-D17-850.0	NIRSCWAMPLITUDE	S06	D17	850.0	dimensionless
S06-D18-735.0	NIRSCWAMPLITUDE	S06	D18	735.0	dimensionless
S06-D18-850.0	NIRSCWAMPLITUDE	S06	D18	850.0	dimensionless
S06-D19-735.0	NIRSCWAMPLITUDE	S06	D19	735.0	dimensionless
S06-D19-850.0	NIRSCWAMPLITUDE	S06	D19	850.0	dimensionless
S06-D20-735.0	NIRSCWAMPLITUDE	S06	D20	735.0	dimensionless
S06-D20-850.0	NIRSCWAMPLITUDE	S06	D20	850.0	dimensionless
S06-D21-735.0	NIRSCWAMPLITUDE	S06	D21	735.0	dimensionless
S06-D21-850.0	NIRSCWAMPLITUDE	S06	D21	850.0	dimensionless
S06-D22-735.0	NIRSCWAMPLITUDE	S06	D22	735.0	dimensionless
S06-D22-850.0	NIRSCWAMPLITUDE	S06	D22	850.0	dimensionless
S06-D23-735.0	NIRSCWAMPLITUDE	S06	D23	735.0	dimensionless
S06-D23-850.0	NIRSCWAMPLITUDE	S06	D23	850.0	dimensionless
S06-D24-735.0	NIRSCWAMPLITUDE	S06	D24	735.0	dimensionless
S06-D24-850.0	NIRSCWAMPLITUDE	S06	D24	850.0	dimensionless
S07-D01-735.0	NIRSCWAMPLITUDE	S07	D01	735.0	dimensionless
S07-D01-850.0	NIRSCWAMPLITUDE	S07	D01	850.0	dimensionless
S07-D02-735.0	NIRSCWAMPLITUDE	S07	D02	735.0	dimensionless
S07-D02-850.0	NIRSCWAMPLITUDE	S07	D02	850.0	dimensionless
S07-D03-735.0	NIRSCWAMPLITUDE	S07	D03	735.0	dimensionless
S07-D03-850.0	NIRSCWAMPLITUDE	S07	D03	850.0	dimensionless
S07-D04-735.0	NIRSCWAMPLITUDE	S07	D04	735.0	dimensionless
S07-D04-850.0	NIRSCWAMPLITUDE	S07	D04	850.0	dimensionless
S07-D05-735.0	NIRSCWAMPLITUDE	S07	D05	735.0	dimensionless
S07-D05-850.0	NIRSCWAMPLITUDE	S07	D05	850.0	dimensionless
S07-D06-735.0	NIRSCWAMPLITUDE	S07	D06	735.0	dimensionless
S07-D06-850.0	NIRSCWAMPLITUDE	S07	D06	850.0	dimensionless
S07-D07-735.0	NIRSCWAMPLITUDE	S07	D07	735.0	dimensionless
S07-D07-850.0	NIRSCWAMPLITUDE	S07	D07	850.0	dimensionless
S07-D08-735.0	NIRSCWAMPLITUDE	S07	D08	735.0	dimensionless
S07-D08-850.0	NIRSCWAMPLITUDE	S07	D08	850.0	dimensionless
S07-D09-735.0	NIRSCWAMPLITUDE	S07	D09	735.0	dimensionless
S07-D09-850.0	NIRSCWAMPLITUDE	S07	D09	850.0	dimensionless
S07-D10-735.0	NIRSCWAMPLITUDE	S07	D10	735.0	dimensionless
S07-D10-850.0	NIRSCWAMPLITUDE	S07	D10	850.0	dimensionless
S07-D11-735.0	NIRSCWAMPLITUDE	S07	D11	735.0	dimensionless
S07-D11-850.0	NIRSCWAMPLITUDE	S07	D11	850.0	dimensionless
S07-D12-735.0	NIRSCWAMPLITUDE	S07	D12	735.0	dimensionless
S07-D12-850.0	NIRSCWAMPLITUDE	S07	D12	850.0	dimensionless
S07-D13-735.0	NIRSCWAMPLITUDE	S07	D13	735.0	dimensionless
S07-D13-850.0	NIRSCWAMPLITUDE	S07	D13	850.0	dimensionless
S07-D14-735.0	NIRSCWAMPLITUDE	S07	D14	735.0	dimensionless
S07-D14-850.0	NIRSCWAMPLITUDE	S07	D14	850.0	dimensionless
S07-D15-735.0	NIRSCWAMPLITUDE	S07	D15	735.0	dimensionless
S07-D15-850.0	NIRSCWAMPLITUDE	S07	D15	850.0	dimensionless
S07-D16-735.0	NIRSCWAMPLITUDE	S07	D16	735.0	dimensionless
S07-D16-850.0	NIRSCWAMPLITUDE	S07	D16	850.0	dimensionless
S07-D17-735.0	NIRSCWAMPLITUDE	S07	D17	735.0	dimensionless
S07-D17-850.0	NIRSCWAMPLITUDE	S07	D17	850.0	dimensionless
S07-D18-735.0	NIRSCWAMPLITUDE	S07	D18	735.0	dimensionless
S07-D18-850.0	NIRSCWAMPLITUDE	S07	D18	850.0	dimensionless
S07-D19-735.0	NIRSCWAMPLITUDE	S07	D19	735.0	dimensionless
S07-D19-850.0	NIRSCWAMPLITUDE	S07	D19	850.0	dimensionless
S07-D20-735.0	NIRSCWAMPLITUDE	S07	D20	735.0	dimensionless
S07-D20-850.0	NIRSCWAMPLITUDE	S07	D20	850.0	dimensionless
S07-D21-735.0	NIRSCWAMPLITUDE	S07	D21	735.0	dimensionless
S07-D21-850.0	NIRSCWAMPLITUDE	S07	D21	850.0	dimensionless
S07-D22-735.0	NIRSCWAMPLITUDE	S07	D22	735.0	dimensionless
S07-D22-850.0	NIRSCWAMPLITUDE	S07	D22	850.0	dimensionless
S07-D23-735.0	NIRSCWAMPLITUDE	S07	D23	735.0	dimensionless
S07-D23-850.0	NIRSCWAMPLITUDE	S07	D23	850.0	dimensionless
S07-D24-735.0	NIRSCWAMPLITUDE	S07	D24	735.0	dimensionless
S07-D24-850.0	NIRSCWAMPLITUDE	S07	D24	850.0	dimensionless
S08-D01-735.0	NIRSCWAMPLITUDE	S08	D01	735.0	dimensionless
S08-D01-850.0	NIRSCWAMPLITUDE	S08	D01	850.0	dimensionless
S08-D02-735.0	NIRSCWAMPLITUDE	S08	D02	735.0	dimensionless
S08-D02-850.0	NIRSCWAMPLITUDE	S08	D02	850.0	dimensionless
S08-D03-735.0	NIRSCWAMPLITUDE	S08	D03	735.0	dimensionless
S08-D03-850.0	NIRSCWAMPLITUDE	S08	D03	850.0	dimensionless
S08-D04-735.0	NIRSCWAMPLITUDE	S08	D04	735.0	dimensionless
S08-D04-850.0	NIRSCWAMPLITUDE	S08	D04	850.0	dimensionless
S08-D05-735.0	NIRSCWAMPLITUDE	S08	D05	735.0	dimensionless
S08-D05-850.0	NIRSCWAMPLITUDE	S08	D05	850.0	dimensionless
S08-D06-735.0	NIRSCWAMPLITUDE	S08	D06	735.0	dimensionless
S08-D06-850.0	NIRSCWAMPLITUDE	S08	D06	850.0	dimensionless
S08-D07-735.0	NIRSCWAMPLITUDE	S08	D07	735.0	dimensionless
S08-D07-850.0	NIRSCWAMPLITUDE	S08	D07	850.0	dimensionless
S08-D08-735.0	NIRSCWAMPLITUDE	S08	D08	735.0	dimensionless
S08-D08-850.0	NIRSCWAMPLITUDE	S08	D08	850.0	dimensionless
S08-D09-735.0	NIRSCWAMPLITUDE	S08	D09	735.0	dimensionless
S08-D09-850.0	NIRSCWAMPLITUDE	S08	D09	850.0	dimensionless
S08-D10-735.0	NIRSCWAMPLITUDE	S08	D10	735.0	dimensionless
S08-D10-850.0	NIRSCWAMPLITUDE	S08	D10	850.0	dimensionless
S08-D11-735.0	NIRSCWAMPLITUDE	S08	D11	735.0	dimensionless
S08-D11-850.0	NIRSCWAMPLITUDE	S08	D11	850.0	dimensionless
S08-D12-735.0	NIRSCWAMPLITUDE	S08	D12	735.0	dimensionless
S08-D12-850.0	NIRSCWAMPLITUDE	S08	D12	850.0	dimensionless
S08-D13-735.0	NIRSCWAMPLITUDE	S08	D13	735.0	dimensionless
S08-D13-850.0	NIRSCWAMPLITUDE	S08	D13	850.0	dimensionless
S08-D14-735.0	NIRSCWAMPLITUDE	S08	D14	735.0	dimensionless
S08-D14-850.0	NIRSCWAMPLITUDE	S08	D14	850.0	dimensionless
S08-D15-735.0	NIRSCWAMPLITUDE	S08	D15	735.0	dimensionless
S08-D15-850.0	NIRSCWAMPLITUDE	S08	D15	850.0	dimensionless
S08-D16-735.0	NIRSCWAMPLITUDE	S08	D16	735.0	dimensionless
S08-D16-850.0	NIRSCWAMPLITUDE	S08	D16	850.0	dimensionless
S08-D17-735.0	NIRSCWAMPLITUDE	S08	D17	735.0	dimensionless
S08-D17-850.0	NIRSCWAMPLITUDE	S08	D17	850.0	dimensionless
S08-D18-735.0	NIRSCWAMPLITUDE	S08	D18	735.0	dimensionless
S08-D18-850.0	NIRSCWAMPLITUDE	S08	D18	850.0	dimensionless
S08-D19-735.0	NIRSCWAMPLITUDE	S08	D19	735.0	dimensionless
S08-D19-850.0	NIRSCWAMPLITUDE	S08	D19	850.0	dimensionless
S08-D20-735.0	NIRSCWAMPLITUDE	S08	D20	735.0	dimensionless
S08-D20-850.0	NIRSCWAMPLITUDE	S08	D20	850.0	dimensionless
S08-D21-735.0	NIRSCWAMPLITUDE	S08	D21	735.0	dimensionless
S08-D21-850.0	NIRSCWAMPLITUDE	S08	D21	850.0	dimensionless
S08-D22-735.0	NIRSCWAMPLITUDE	S08	D22	735.0	dimensionless
S08-D22-850.0	NIRSCWAMPLITUDE	S08	D22	850.0	dimensionless
S08-D23-735.0	NIRSCWAMPLITUDE	S08	D23	735.0	dimensionless
S08-D23-850.0	NIRSCWAMPLITUDE	S08	D23	850.0	dimensionless
S08-D24-735.0	NIRSCWAMPLITUDE	S08	D24	735.0	dimensionless
S08-D24-850.0	NIRSCWAMPLITUDE	S08	D24	850.0	dimensionless
S09-D01-735.0	NIRSCWAMPLITUDE	S09	D01	735.0	dimensionless
S09-D01-850.0	NIRSCWAMPLITUDE	S09	D01	850.0	dimensionless
S09-D02-735.0	NIRSCWAMPLITUDE	S09	D02	735.0	dimensionless
S09-D02-850.0	NIRSCWAMPLITUDE	S09	D02	850.0	dimensionless
S09-D03-735.0	NIRSCWAMPLITUDE	S09	D03	735.0	dimensionless
S09-D03-850.0	NIRSCWAMPLITUDE	S09	D03	850.0	dimensionless
S09-D04-735.0	NIRSCWAMPLITUDE	S09	D04	735.0	dimensionless
S09-D04-850.0	NIRSCWAMPLITUDE	S09	D04	850.0	dimensionless
S09-D05-735.0	NIRSCWAMPLITUDE	S09	D05	735.0	dimensionless
S09-D05-850.0	NIRSCWAMPLITUDE	S09	D05	850.0	dimensionless
S09-D06-735.0	NIRSCWAMPLITUDE	S09	D06	735.0	dimensionless
S09-D06-850.0	NIRSCWAMPLITUDE	S09	D06	850.0	dimensionless
S09-D07-735.0	NIRSCWAMPLITUDE	S09	D07	735.0	dimensionless
S09-D07-850.0	NIRSCWAMPLITUDE	S09	D07	850.0	dimensionless
S09-D08-735.0	NIRSCWAMPLITUDE	S09	D08	735.0	dimensionless
S09-D08-850.0	NIRSCWAMPLITUDE	S09	D08	850.0	dimensionless
S09-D09-735.0	NIRSCWAMPLITUDE	S09	D09	735.0	dimensionless
S09-D09-850.0	NIRSCWAMPLITUDE	S09	D09	850.0	dimensionless
S09-D10-735.0	NIRSCWAMPLITUDE	S09	D10	735.0	dimensionless
S09-D10-850.0	NIRSCWAMPLITUDE	S09	D10	850.0	dimensionless
S09-D11-735.0	NIRSCWAMPLITUDE	S09	D11	735.0	dimensionless
S09-D11-850.0	NIRSCWAMPLITUDE	S09	D11	850.0	dimensionless
S09-D12-735.0	NIRSCWAMPLITUDE	S09	D12	735.0	dimensionless
S09-D12-850.0	NIRSCWAMPLITUDE	S09	D12	850.0	dimensionless
S09-D13-735.0	NIRSCWAMPLITUDE	S09	D13	735.0	dimensionless
S09-D13-850.0	NIRSCWAMPLITUDE	S09	D13	850.0	dimensionless
S09-D14-735.0	NIRSCWAMPLITUDE	S09	D14	735.0	dimensionless
S09-D14-850.0	NIRSCWAMPLITUDE	S09	D14	850.0	dimensionless
S09-D15-735.0	NIRSCWAMPLITUDE	S09	D15	735.0	dimensionless
S09-D15-850.0	NIRSCWAMPLITUDE	S09	D15	850.0	dimensionless
S09-D16-735.0	NIRSCWAMPLITUDE	S09	D16	735.0	dimensionless
S09-D16-850.0	NIRSCWAMPLITUDE	S09	D16	850.0	dimensionless
S09-D17-735.0	NIRSCWAMPLITUDE	S09	D17	735.0	dimensionless
S09-D17-850.0	NIRSCWAMPLITUDE	S09	D17	850.0	dimensionless
S09-D18-735.0	NIRSCWAMPLITUDE	S09	D18	735.0	dimensionless
S09-D18-850.0	NIRSCWAMPLITUDE	S09	D18	850.0	dimensionless
S09-D19-735.0	NIRSCWAMPLITUDE	S09	D19	735.0	dimensionless
S09-D19-850.0	NIRSCWAMPLITUDE	S09	D19	850.0	dimensionless
S09-D20-735.0	NIRSCWAMPLITUDE	S09	D20	735.0	dimensionless
S09-D20-850.0	NIRSCWAMPLITUDE	S09	D20	850.0	dimensionless
S09-D21-735.0	NIRSCWAMPLITUDE	S09	D21	735.0	dimensionless
S09-D21-850.0	NIRSCWAMPLITUDE	S09	D21	850.0	dimensionless
S09-D22-735.0	NIRSCWAMPLITUDE	S09	D22	735.0	dimensionless
S09-D22-850.0	NIRSCWAMPLITUDE	S09	D22	850.0	dimensionless
S09-D23-735.0	NIRSCWAMPLITUDE	S09	D23	735.0	dimensionless
S09-D23-850.0	NIRSCWAMPLITUDE	S09	D23	850.0	dimensionless
S09-D24-735.0	NIRSCWAMPLITUDE	S09	D24	735.0	dimensionless
S09-D24-850.0	NIRSCWAMPLITUDE	S09	D24	850.0	dimensionless
S10-D01-735.0	NIRSCWAMPLITUDE	S10	D01	735.0	dimensionless
S10-D01-850.0	NIRSCWAMPLITUDE	S10	D01	850.0	dimensionless
S10-D02-735.0	NIRSCWAMPLITUDE	S10	D02	735.0	dimensionless
S10-D02-850.0	NIRSCWAMPLITUDE	S10	D02	850.0	dimensionless
S10-D03-735.0	NIRSCWAMPLITUDE	S10	D03	735.0	dimensionless
S10-D03-850.0	NIRSCWAMPLITUDE	S10	D03	850.0	dimensionless
S10-D04-735.0	NIRSCWAMPLITUDE	S10	D04	735.0	dimensionless
S10-D04-850.0	NIRSCWAMPLITUDE	S10	D04	850.0	dimensionless
S10-D05-735.0	NIRSCWAMPLITUDE	S10	D05	735.0	dimensionless
S10-D05-850.0	NIRSCWAMPLITUDE	S10	D05	850.0	dimensionless
S10-D06-735.0	NIRSCWAMPLITUDE	S10	D06	735.0	dimensionless
S10-D06-850.0	NIRSCWAMPLITUDE	S10	D06	850.0	dimensionless
S10-D07-735.0	NIRSCWAMPLITUDE	S10	D07	735.0	dimensionless
S10-D07-850.0	NIRSCWAMPLITUDE	S10	D07	850.0	dimensionless
S10-D08-735.0	NIRSCWAMPLITUDE	S10	D08	735.0	dimensionless
S10-D08-850.0	NIRSCWAMPLITUDE	S10	D08	850.0	dimensionless
S10-D09-735.0	NIRSCWAMPLITUDE	S10	D09	735.0	dimensionless
S10-D09-850.0	NIRSCWAMPLITUDE	S10	D09	850.0	dimensionless
S10-D10-735.0	NIRSCWAMPLITUDE	S10	D10	735.0	dimensionless
S10-D10-850.0	NIRSCWAMPLITUDE	S10	D10	850.0	dimensionless
S10-D11-735.0	NIRSCWAMPLITUDE	S10	D11	735.0	dimensionless
S10-D11-850.0	NIRSCWAMPLITUDE	S10	D11	850.0	dimensionless
S10-D12-735.0	NIRSCWAMPLITUDE	S10	D12	735.0	dimensionless
S10-D12-850.0	NIRSCWAMPLITUDE	S10	D12	850.0	dimensionless
S10-D13-735.0	NIRSCWAMPLITUDE	S10	D13	735.0	dimensionless
S10-D13-850.0	NIRSCWAMPLITUDE	S10	D13	850.0	dimensionless
S10-D14-735.0	NIRSCWAMPLITUDE	S10	D14	735.0	dimensionless
S10-D14-850.0	NIRSCWAMPLITUDE	S10	D14	850.0	dimensionless
S10-D15-735.0	NIRSCWAMPLITUDE	S10	D15	735.0	dimensionless
S10-D15-850.0	NIRSCWAMPLITUDE	S10	D15	850.0	dimensionless
S10-D16-735.0	NIRSCWAMPLITUDE	S10	D16	735.0	dimensionless
S10-D16-850.0	NIRSCWAMPLITUDE	S10	D16	850.0	dimensionless
S10-D17-735.0	NIRSCWAMPLITUDE	S10	D17	735.0	dimensionless
S10-D17-850.0	NIRSCWAMPLITUDE	S10	D17	850.0	dimensionless
S10-D18-735.0	NIRSCWAMPLITUDE	S10	D18	735.0	dimensionless
S10-D18-850.0	NIRSCWAMPLITUDE	S10	D18	850.0	dimensionless
S10-D19-735.0	NIRSCWAMPLITUDE	S10	D19	735.0	dimensionless
S10-D19-850.0	NIRSCWAMPLITUDE	S10	D19	850.0	dimensionless
S10-D20-735.0	NIRSCWAMPLITUDE	S10	D20	735.0	dimensionless
S10-D20-850.0	NIRSCWAMPLITUDE	S10	D20	850.0	dimensionless
S10-D21-735.0	NIRSCWAMPLITUDE	S10	D21	735.0	dimensionless
S10-D21-850.0	NIRSCWAMPLITUDE	S10	D21	850.0	dimensionless
S10-D22-735.0	NIRSCWAMPLITUDE	S10	D22	735.0	dimensionless
S10-D22-850.0	NIRSCWAMPLITUDE	S10	D22	850.0	dimensionless
S10-D23-735.0	NIRSCWAMPLITUDE	S10	D23	735.0	dimensionless
S10-D23-850.0	NIRSCWAMPLITUDE	S10	D23	850.0	dimensionless
S10-D24-735.0	NIRSCWAMPLITUDE	S10	D24	735.0	dimensionless
S10-D24-850.0	NIRSCWAMPLITUDE	S10	D24	850.0	dimensionless
S11-D01-735.0	NIRSCWAMPLITUDE	S11	D01	735.0	dimensionless
S11-D01-850.0	NIRSCWAMPLITUDE	S11	D01	850.0	dimensionless
S11-D02-735.0	NIRSCWAMPLITUDE	S11	D02	735.0	dimensionless
S11-D02-850.0	NIRSCWAMPLITUDE	S11	D02	850.0	dimensionless
S11-D03-735.0	NIRSCWAMPLITUDE	S11	D03	735.0	dimensionless
S11-D03-850.0	NIRSCWAMPLITUDE	S11	D03	850.0	dimensionless
S11-D04-735.0	NIRSCWAMPLITUDE	S11	D04	735.0	dimensionless
S11-D04-850.0	NIRSCWAMPLITUDE	S11	D04	850.0	dimensionless
S11-D05-735.0	NIRSCWAMPLITUDE	S11	D05	735.0	dimensionless
S11-D05-850.0	NIRSCWAMPLITUDE	S11	D05	850.0	dimensionless
S11-D06-735.0	NIRSCWAMPLITUDE	S11	D06	735.0	dimensionless
S11-D06-850.0	NIRSCWAMPLITUDE	S11	D06	850.0	dimensionless
S11-D07-735.0	NIRSCWAMPLITUDE	S11	D07	735.0	dimensionless
S11-D07-850.0	NIRSCWAMPLITUDE	S11	D07	850.0	dimensionless
S11-D08-735.0	NIRSCWAMPLITUDE	S11	D08	735.0	dimensionless
S11-D08-850.0	NIRSCWAMPLITUDE	S11	D08	850.0	dimensionless
S11-D09-735.0	NIRSCWAMPLITUDE	S11	D09	735.0	dimensionless
S11-D09-850.0	NIRSCWAMPLITUDE	S11	D09	850.0	dimensionless
S11-D10-735.0	NIRSCWAMPLITUDE	S11	D10	735.0	dimensionless
S11-D10-850.0	NIRSCWAMPLITUDE	S11	D10	850.0	dimensionless
S11-D11-735.0	NIRSCWAMPLITUDE	S11	D11	735.0	dimensionless
S11-D11-850.0	NIRSCWAMPLITUDE	S11	D11	850.0	dimensionless
S11-D12-735.0	NIRSCWAMPLITUDE	S11	D12	735.0	dimensionless
S11-D12-850.0	NIRSCWAMPLITUDE	S11	D12	850.0	dimensionless
S11-D13-735.0	NIRSCWAMPLITUDE	S11	D13	735.0	dimensionless
S11-D13-850.0	NIRSCWAMPLITUDE	S11	D13	850.0	dimensionless
S11-D14-735.0	NIRSCWAMPLITUDE	S11	D14	735.0	dimensionless
S11-D14-850.0	NIRSCWAMPLITUDE	S11	D14	850.0	dimensionless
S11-D15-735.0	NIRSCWAMPLITUDE	S11	D15	735.0	dimensionless
S11-D15-850.0	NIRSCWAMPLITUDE	S11	D15	850.0	dimensionless
S11-D16-735.0	NIRSCWAMPLITUDE	S11	D16	735.0	dimensionless
S11-D16-850.0	NIRSCWAMPLITUDE	S11	D16	850.0	dimensionless
S11-D17-735.0	NIRSCWAMPLITUDE	S11	D17	735.0	dimensionless
S11-D17-850.0	NIRSCWAMPLITUDE	S11	D17	850.0	dimensionless
S11-D18-735.0	NIRSCWAMPLITUDE	S11	D18	735.0	dimensionless
S11-D18-850.0	NIRSCWAMPLITUDE	S11	D18	850.0	dimensionless
S11-D19-735.0	NIRSCWAMPLITUDE	S11	D19	735.0	dimensionless
S11-D19-850.0	NIRSCWAMPLITUDE	S11	D19	850.0	dimensionless
S11-D20-735.0	NIRSCWAMPLITUDE	S11	D20	735.0	dimensionless
S11-D20-850.0	NIRSCWAMPLITUDE	S11	D20	850.0	dimensionless
S11-D21-735.0	NIRSCWAMPLITUDE	S11	D21	735.0	dimensionless
S11-D21-850.0	NIRSCWAMPLITUDE	S11	D21	850.0	dimensionless
S11-D22-735.0	NIRSCWAMPLITUDE	S11	D22	735.0	dimensionless
S11-D22-850.0	NIRSCWAMPLITUDE	S11	D22	850.0	dimensionless
S11-D23-735.0	NIRSCWAMPLITUDE	S11	D23	735.0	dimensionless
S11-D23-850.0	NIRSCWAMPLITUDE	S11	D23	850.0	dimensionless
S11-D24-735.0	NIRSCWAMPLITUDE	S11	D24	735.0	dimensionless
S11-D24-850.0	NIRSCWAMPLITUDE	S11	D24	850.0	dimensionless
S12-D01-735.0	NIRSCWAMPLITUDE	S12	D01	735.0	dimensionless
S12-D01-850.0	NIRSCWAMPLITUDE	S12	D01	850.0	dimensionless
S12-D02-735.0	NIRSCWAMPLITUDE	S12	D02	735.0	dimensionless
S12-D02-850.0	NIRSCWAMPLITUDE	S12	D02	850.0	dimensionless
S12-D03-735.0	NIRSCWAMPLITUDE	S12	D03	735.0	dimensionless
S12-D03-850.0	NIRSCWAMPLITUDE	S12	D03	850.0	dimensionless
S12-D04-735.0	NIRSCWAMPLITUDE	S12	D04	735.0	dimensionless
S12-D04-850.0	NIRSCWAMPLITUDE	S12	D04	850.0	dimensionless
S12-D05-735.0	NIRSCWAMPLITUDE	S12	D05	735.0	dimensionless
S12-D05-850.0	NIRSCWAMPLITUDE	S12	D05	850.0	dimensionless
S12-D06-735.0	NIRSCWAMPLITUDE	S12	D06	735.0	dimensionless
S12-D06-850.0	NIRSCWAMPLITUDE	S12	D06	850.0	dimensionless
S12-D07-735.0	NIRSCWAMPLITUDE	S12	D07	735.0	dimensionless
S12-D07-850.0	NIRSCWAMPLITUDE	S12	D07	850.0	dimensionless
S12-D08-735.0	NIRSCWAMPLITUDE	S12	D08	735.0	dimensionless
S12-D08-850.0	NIRSCWAMPLITUDE	S12	D08	850.0	dimensionless
S12-D09-735.0	NIRSCWAMPLITUDE	S12	D09	735.0	dimensionless
S12-D09-850.0	NIRSCWAMPLITUDE	S12	D09	850.0	dimensionless
S12-D10-735.0	NIRSCWAMPLITUDE	S12	D10	735.0	dimensionless
S12-D10-850.0	NIRSCWAMPLITUDE	S12	D10	850.0	dimensionless
S12-D11-735.0	NIRSCWAMPLITUDE	S12	D11	735.0	dimensionless
S12-D11-850.0	NIRSCWAMPLITUDE	S12	D11	850.0	dimensionless
S12-D12-735.0	NIRSCWAMPLITUDE	S12	D12	735.0	dimensionless
S12-D12-850.0	NIRSCWAMPLITUDE	S12	D12	850.0	dimensionless
S12-D13-735.0	NIRSCWAMPLITUDE	S12	D13	735.0	dimensionless
S12-D13-850.0	NIRSCWAMPLITUDE	S12	D13	850.0	dimensionless
S12-D14-735.0	NIRSCWAMPLITUDE	S12	D14	735.0	dimensionless
S12-D14-850.0	NIRSCWAMPLITUDE	S12	D14	850.0	dimensionless
S12-D15-735.0	NIRSCWAMPLITUDE	S12	D15	735.0	dimensionless
S12-D15-850.0	NIRSCWAMPLITUDE	S12	D15	850.0	dimensionless
S12-D16-735.0	NIRSCWAMPLITUDE	S12	D16	735.0	dimensionless
S12-D16-850.0	NIRSCWAMPLITUDE	S12	D16	850.0	dimensionless
S12-D17-735.0	NIRSCWAMPLITUDE	S12	D17	735.0	dimensionless
S12-D17-850.0	NIRSCWAMPLITUDE	S12	D17	850.0	dimensionless
S12-D18-735.0	NIRSCWAMPLITUDE	S12	D18	735.0	dimensionless
S12-D18-850.0	NIRSCWAMPLITUDE	S12	D18	850.0	dimensionless
S12-D19-735.0	NIRSCWAMPLITUDE	S12	D19	735.0	dimensionless
S12-D19-850.0	NIRSCWAMPLITUDE	S12	D19	850.0	dimensionless
S12-D20-735.0	NIRSCWAMPLITUDE	S12	D20	735.0	dimensionless
S12-D20-850.0	NIRSCWAMPLITUDE	S12	D20	850.0	dimensionless
S12-D21-735.0	NIRSCWAMPLITUDE	S12	D21	735.0	dimensionless
S12-D21-850.0	NIRSCWAMPLITUDE	S12	D21	850.0	dimensionless
S12-D22-735.0	NIRSCWAMPLITUDE	S12	D22	735.0	dimensionless
S12-D22-850.0	NIRSCWAMPLITUDE	S12	D22	850.0	dimensionless
S12-D23-735.0	NIRSCWAMPLITUDE	S12	D23	735.0	dimensionless
S12-D23-850.0	NIRSCWAMPLITUDE	S12	D23	850.0	dimensionless
S12-D24-735.0	NIRSCWAMPLITUDE	S12	D24	735.0	dimensionless
S12-D24-850.0	NIRSCWAMPLITUDE	S12	D24	850.0	dimensionless
S13-D01-735.0	NIRSCWAMPLITUDE	S13	D01	735.0	dimensionless
S13-D01-850.0	NIRSCWAMPLITUDE	S13	D01	850.0	dimensionless
S13-D02-735.0	NIRSCWAMPLITUDE	S13	D02	735.0	dimensionless
S13-D02-850.0	NIRSCWAMPLITUDE	S13	D02	850.0	dimensionless
S13-D03-735.0	NIRSCWAMPLITUDE	S13	D03	735.0	dimensionless
S13-D03-850.0	NIRSCWAMPLITUDE	S13	D03	850.0	dimensionless
S13-D04-735.0	NIRSCWAMPLITUDE	S13	D04	735.0	dimensionless
S13-D04-850.0	NIRSCWAMPLITUDE	S13	D04	850.0	dimensionless
S13-D05-735.0	NIRSCWAMPLITUDE	S13	D05	735.0	dimensionless
S13-D05-850.0	NIRSCWAMPLITUDE	S13	D05	850.0	dimensionless
S13-D06-735.0	NIRSCWAMPLITUDE	S13	D06	735.0	dimensionless
S13-D06-850.0	NIRSCWAMPLITUDE	S13	D06	850.0	dimensionless
S13-D07-735.0	NIRSCWAMPLITUDE	S13	D07	735.0	dimensionless
S13-D07-850.0	NIRSCWAMPLITUDE	S13	D07	850.0	dimensionless
S13-D08-735.0	NIRSCWAMPLITUDE	S13	D08	735.0	dimensionless
S13-D08-850.0	NIRSCWAMPLITUDE	S13	D08	850.0	dimensionless
S13-D09-735.0	NIRSCWAMPLITUDE	S13	D09	735.0	dimensionless
S13-D09-850.0	NIRSCWAMPLITUDE	S13	D09	850.0	dimensionless
S13-D10-735.0	NIRSCWAMPLITUDE	S13	D10	735.0	dimensionless
S13-D10-850.0	NIRSCWAMPLITUDE	S13	D10	850.0	dimensionless
S13-D11-735.0	NIRSCWAMPLITUDE	S13	D11	735.0	dimensionless
S13-D11-850.0	NIRSCWAMPLITUDE	S13	D11	850.0	dimensionless
S13-D12-735.0	NIRSCWAMPLITUDE	S13	D12	735.0	dimensionless
S13-D12-850.0	NIRSCWAMPLITUDE	S13	D12	850.0	dimensionless
S13-D13-735.0	NIRSCWAMPLITUDE	S13	D13	735.0	dimensionless
S13-D13-850.0	NIRSCWAMPLITUDE	S13	D13	850.0	dimensionless
S13-D14-735.0	NIRSCWAMPLITUDE	S13	D14	735.0	dimensionless
S13-D14-850.0	NIRSCWAMPLITUDE	S13	D14	850.0	dimensionless
S13-D15-735.0	NIRSCWAMPLITUDE	S13	D15	735.0	dimensionless
S13-D15-850.0	NIRSCWAMPLITUDE	S13	D15	850.0	dimensionless
S13-D16-735.0	NIRSCWAMPLITUDE	S13	D16	735.0	dimensionless
S13-D16-850.0	NIRSCWAMPLITUDE	S13	D16	850.0	dimensionless
S13-D17-735.0	NIRSCWAMPLITUDE	S13	D17	735.0	dimensionless
S13-D17-850.0	NIRSCWAMPLITUDE	S13	D17	850.0	dimensionless
S13-D18-735.0	NIRSCWAMPLITUDE	S13	D18	735.0	dimensionless
S13-D18-850.0	NIRSCWAMPLITUDE	S13	D18	850.0	dimensionless
S13-D19-735.0	NIRSCWAMPLITUDE	S13	D19	735.0	dimensionless
S13-D19-850.0	NIRSCWAMPLITUDE	S13	D19	850.0	dimensionless
S13-D20-735.0	NIRSCWAMPLITUDE	S13	D20	735.0	dimensionless
S13-D20-850.0	NIRSCWAMPLITUDE	S13	D20	850.0	dimensionless
S13-D21-735.0	NIRSCWAMPLITUDE	S13	D21	735.0	dimensionless
S13-D21-850.0	NIRSCWAMPLITUDE	S13	D21	850.0	dimensionless
S13-D22-735.0	NIRSCWAMPLITUDE	S13	D22	735.0	dimensionless
S13-D22-850.0	NIRSCWAMPLITUDE	S13	D22	850.0	dimensionless
S13-D23-735.0	NIRSCWAMPLITUDE	S13	D23	735.0	dimensionless
S13-D23-850.0	NIRSCWAMPLITUDE	S13	D23	850.0	dimensionless
S13-D24-735.0	NIRSCWAMPLITUDE	S13	D24	735.0	dimensionless
S13-D24-850.0	NIRSCWAMPLITUDE	S13	D24	850.0	dimensionless
S14-D01-735.0	NIRSCWAMPLITUDE	S14	D01	735.0	dimensionless
S14-D01-850.0	NIRSCWAMPLITUDE	S14	D01	850.0	dimensionless
S14-D02-735.0	NIRSCWAMPLITUDE	S14	D02	735.0	dimensionless
S14-D02-850.0	NIRSCWAMPLITUDE	S14	D02	850.0	dimensionless
S14-D03-735.0	NIRSCWAMPLITUDE	S14	D03	735.0	dimensionless
S14-D03-850.0	NIRSCWAMPLITUDE	S14	D03	850.0	dimensionless
S14-D04-735.0	NIRSCWAMPLITUDE	S14	D04	735.0	dimensionless
S14-D04-850.0	NIRSCWAMPLITUDE	S14	D04	850.0	dimensionless
S14-D05-735.0	NIRSCWAMPLITUDE	S14	D05	735.0	dimensionless
S14-D05-850.0	NIRSCWAMPLITUDE	S14	D05	850.0	dimensionless
S14-D06-735.0	NIRSCWAMPLITUDE	S14	D06	735.0	dimensionless
S14-D06-850.0	NIRSCWAMPLITUDE	S14	D06	850.0	dimensionless
S14-D07-735.0	NIRSCWAMPLITUDE	S14	D07	735.0	dimensionless
S14-D07-850.0	NIRSCWAMPLITUDE	S14	D07	850.0	dimensionless
S14-D08-735.0	NIRSCWAMPLITUDE	S14	D08	735.0	dimensionless
S14-D08-850.0	NIRSCWAMPLITUDE	S14	D08	850.0	dimensionless
S14-D09-735.0	NIRSCWAMPLITUDE	S14	D09	735.0	dimensionless
S14-D09-850.0	NIRSCWAMPLITUDE	S14	D09	850.0	dimensionless
S14-D10-735.0	NIRSCWAMPLITUDE	S14	D10	735.0	dimensionless
S14-D10-850.0	NIRSCWAMPLITUDE	S14	D10	850.0	dimensionless
S14-D11-735.0	NIRSCWAMPLITUDE	S14	D11	735.0	dimensionless
S14-D11-850.0	NIRSCWAMPLITUDE	S14	D11	850.0	dimensionless
S14-D12-735.0	NIRSCWAMPLITUDE	S14	D12	735.0	dimensionless
S14-D12-850.0	NIRSCWAMPLITUDE	S14	D12	850.0	dimensionless
S14-D13-735.0	NIRSCWAMPLITUDE	S14	D13	735.0	dimensionless
S14-D13-850.0	NIRSCWAMPLITUDE	S14	D13	850.0	dimensionless
S14-D14-735.0	NIRSCWAMPLITUDE	S14	D14	735.0	dimensionless
S14-D14-850.0	NIRSCWAMPLITUDE	S14	D14	850.0	dimensionless
S14-D15-735.0	NIRSCWAMPLITUDE	S14	D15	735.0	dimensionless
S14-D15-850.0	NIRSCWAMPLITUDE	S14	D15	850.0	dimensionless
S14-D16-735.0	NIRSCWAMPLITUDE	S14	D16	735.0	dimensionless
S14-D16-850.0	NIRSCWAMPLITUDE	S14	D16	850.0	dimensionless
S14-D17-735.0	NIRSCWAMPLITUDE	S14	D17	735.0	dimensionless
S14-D17-850.0	NIRSCWAMPLITUDE	S14	D17	850.0	dimensionless
S14-D18-735.0	NIRSCWAMPLITUDE	S14	D18	735.0	dimensionless
S14-D18-850.0	NIRSCWAMPLITUDE	S14	D18	850.0	dimensionless
S14-D19-735.0	NIRSCWAMPLITUDE	S14	D19	735.0	dimensionless
S14-D19-850.0	NIRSCWAMPLITUDE	S14	D19	850.0	dimensionless
S14-D20-735.0	NIRSCWAMPLITUDE	S14	D20	735.0	dimensionless
S14-D20-850.0	NIRSCWAMPLITUDE	S14	D20	850.0	dimensionless
S14-D21-735.0	NIRSCWAMPLITUDE	S14	D21	735.0	dimensionless
S14-D21-850.0	NIRSCWAMPLITUDE	S14	D21	850.0	dimensionless
S14-D22-735.0	NIRSCWAMPLITUDE	S14	D22	735.0	dimensionless
S14-D22-850.0	NIRSCWAMPLITUDE	S14	D22	850.0	dimensionless
S14-D23-735.0	NIRSCWAMPLITUDE	S14	D23	735.0	dimensionless
S14-D23-850.0	NIRSCWAMPLITUDE	S14	D23	850.0	dimensionless
S14-D24-735.0	NIRSCWAMPLITUDE	S14	D24	735.0	dimensionless
S14-D24-850.0	NIRSCWAMPLITUDE	S14	D24	850.0	dimensionless
S15-D01-735.0	NIRSCWAMPLITUDE	S15	D01	735.0	dimensionless
S15-D01-850.0	NIRSCWAMPLITUDE	S15	D01	850.0	dimensionless
S15-D02-735.0	NIRSCWAMPLITUDE	S15	D02	735.0	dimensionless
S15-D02-850.0	NIRSCWAMPLITUDE	S15	D02	850.0	dimensionless
S15-D03-735.0	NIRSCWAMPLITUDE	S15	D03	735.0	dimensionless
S15-D03-850.0	NIRSCWAMPLITUDE	S15	D03	850.0	dimensionless
S15-D04-735.0	NIRSCWAMPLITUDE	S15	D04	735.0	dimensionless
S15-D04-850.0	NIRSCWAMPLITUDE	S15	D04	850.0	dimensionless
S15-D05-735.0	NIRSCWAMPLITUDE	S15	D05	735.0	dimensionless
S15-D05-850.0	NIRSCWAMPLITUDE	S15	D05	850.0	dimensionless
S15-D06-735.0	NIRSCWAMPLITUDE	S15	D06	735.0	dimensionless
S15-D06-850.0	NIRSCWAMPLITUDE	S15	D06	850.0	dimensionless
S15-D07-735.0	NIRSCWAMPLITUDE	S15	D07	735.0	dimensionless
S15-D07-850.0	NIRSCWAMPLITUDE	S15	D07	850.0	dimensionless
S15-D08-735.0	NIRSCWAMPLITUDE	S15	D08	735.0	dimensionless
S15-D08-850.0	NIRSCWAMPLITUDE	S15	D08	850.0	dimensionless
S15-D09-735.0	NIRSCWAMPLITUDE	S15	D09	735.0	dimensionless
S15-D09-850.0	NIRSCWAMPLITUDE	S15	D09	850.0	dimensionless
S15-D10-735.0	NIRSCWAMPLITUDE	S15	D10	735.0	dimensionless
S15-D10-850.0	NIRSCWAMPLITUDE	S15	D10	850.0	dimensionless
S15-D11-735.0	NIRSCWAMPLITUDE	S15	D11	735.0	dimensionless
S15-D11-850.0	NIRSCWAMPLITUDE	S15	D11	850.0	dimensionless
S15-D12-735.0	NIRSCWAMPLITUDE	S15	D12	735.0	dimensionless
S15-D12-850.0	NIRSCWAMPLITUDE	S15	D12	850.0	dimensionless
S15-D13-735.0	NIRSCWAMPLITUDE	S15	D13	735.0	dimensionless
S15-D13-850.0	NIRSCWAMPLITUDE	S15	D13	850.0	dimensionless
S15-D14-735.0	NIRSCWAMPLITUDE	S15	D14	735.0	dimensionless
S15-D14-850.0	NIRSCWAMPLITUDE	S15	D14	850.0	dimensionless
S15-D15-735.0	NIRSCWAMPLITUDE	S15	D15	735.0	dimensionless
S15-D15-850.0	NIRSCWAMPLITUDE	S15	D15	850.0	dimensionless
S15-D16-735.0	NIRSCWAMPLITUDE	S15	D16	735.0	dimensionless
S15-D16-850.0	NIRSCWAMPLITUDE	S15	D16	850.0	dimensionless
S15-D17-735.0	NIRSCWAMPLITUDE	S15	D17	735.0	dimensionless
S15-D17-850.0	NIRSCWAMPLITUDE	S15	D17	850.0	dimensionless
S15-D18-735.0	NIRSCWAMPLITUDE	S15	D18	735.0	dimensionless
S15-D18-850.0	NIRSCWAMPLITUDE	S15	D18	850.0	dimensionless
S15-D19-735.0	NIRSCWAMPLITUDE	S15	D19	735.0	dimensionless
S15-D19-850.0	NIRSCWAMPLITUDE	S15	D19	850.0	dimensionless
S15-D20-735.0	NIRSCWAMPLITUDE	S15	D20	735.0	dimensionless
S15-D20-850.0	NIRSCWAMPLITUDE	S15	D20	850.0	dimensionless
S15-D21-735.0	NIRSCWAMPLITUDE	S15	D21	735.0	dimensionless
S15-D21-850.0	NIRSCWAMPLITUDE	S15	D21	850.0	dimensionless
S15-D22-735.0	NIRSCWAMPLITUDE	S15	D22	735.0	dimensionless
S15-D22-850.0	NIRSCWAMPLITUDE	S15	D22	850.0	dimensionless
S15-D23-735.0	NIRSCWAMPLITUDE	S15	D23	735.0	dimensionless
S15-D23-850.0	NIRSCWAMPLITUDE	S15	D23	850.0	dimensionless
S15-D24-735.0	NIRSCWAMPLITUDE	S15	D24	735.0	dimensionless
S15-D24-850.0	NIRSCWAMPLITUDE	S15	D24	850.0	dimensionless
S16-D01-735.0	NIRSCWAMPLITUDE	S16	D01	735.0	dimensionless
S16-D01-850.0	NIRSCWAMPLITUDE	S16	D01	850.0	dimensionless
S16-D02-735.0	NIRSCWAMPLITUDE	S16	D02	735.0	dimensionless
S16-D02-850.0	NIRSCWAMPLITUDE	S16	D02	850.0	dimensionless
S16-D03-735.0	NIRSCWAMPLITUDE	S16	D03	735.0	dimensionless
S16-D03-850.0	NIRSCWAMPLITUDE	S16	D03	850.0	dimensionless
S16-D04-735.0	NIRSCWAMPLITUDE	S16	D04	735.0	dimensionless
S16-D04-850.0	NIRSCWAMPLITUDE	S16	D04	850.0	dimensionless
S16-D05-735.0	NIRSCWAMPLITUDE	S16	D05	735.0	dimensionless
S16-D05-850.0	NIRSCWAMPLITUDE	S16	D05	850.0	dimensionless
S16-D06-735.0	NIRSCWAMPLITUDE	S16	D06	735.0	dimensionless
S16-D06-850.0	NIRSCWAMPLITUDE	S16	D06	850.0	dimensionless
S16-D07-735.0	NIRSCWAMPLITUDE	S16	D07	735.0	dimensionless
S16-D07-850.0	NIRSCWAMPLITUDE	S16	D07	850.0	dimensionless
S16-D08-735.0	NIRSCWAMPLITUDE	S16	D08	735.0	dimensionless
S16-D08-850.0	NIRSCWAMPLITUDE	S16	D08	850.0	dimensionless
S16-D09-735.0	NIRSCWAMPLITUDE	S16	D09	735.0	dimensionless
S16-D09-850.0	NIRSCWAMPLITUDE	S16	D09	850.0	dimensionless
S16-D10-735.0	NIRSCWAMPLITUDE	S16	D10	735.0	dimensionless
S16-D10-850.0	NIRSCWAMPLITUDE	S16	D10	850.0	dimensionless
S16-D11-735.0	NIRSCWAMPLITUDE	S16	D11	735.0	dimensionless
S16-D11-850.0	NIRSCWAMPLITUDE	S16	D11	850.0	dimensionless
S16-D12-735.0	NIRSCWAMPLITUDE	S16	D12	735.0	dimensionless
S16-D12-850.0	NIRSCWAMPLITUDE	S16	D12	850.0	dimensionless
S16-D13-735.0	NIRSCWAMPLITUDE	S16	D13	735.0	dimensionless
S16-D13-850.0	NIRSCWAMPLITUDE	S16	D13	850.0	dimensionless
S16-D14-735.0	NIRSCWAMPLITUDE	S16	D14	735.0	dimensionless
S16-D14-850.0	NIRSCWAMPLITUDE	S16	D14	850.0	dimensionless
S16-D15-735.0	NIRSCWAMPLITUDE	S16	D15	735.0	dimensionless
S16-D15-850.0	NIRSCWAMPLITUDE	S16	D15	850.0	dimensionless
S16-D16-735.0	NIRSCWAMPLITUDE	S16	D16	735.0	dimensionless
S16-D16-850.0	NIRSCWAMPLITUDE	S16	D16	850.0	dimensionless
S16-D17-735.0	NIRSCWAMPLITUDE	S16	D17	735.0	dimensionless
S16-D17-850.0	NIRSCWAMPLITUDE	S16	D17	850.0	dimensionless
S16-D18-735.0	NIRSCWAMPLITUDE	S16	D18	735.0	dimensionless
S16-D18-850.0	NIRSCWAMPLITUDE	S16	D18	850.0	dimensionless
S16-D19-735.0	NIRSCWAMPLITUDE	S16	D19	735.0	dimensionless
S16-D19-850.0	NIRSCWAMPLITUDE	S16	D19	850.0	dimensionless
S16-D20-735.0	NIRSCWAMPLITUDE	S16	D20	735.0	dimensionless
S16-D20-850.0	NIRSCWAMPLITUDE	S16	D20	850.0	dimensionless
S16-D21-735.0	NIRSCWAMPLITUDE	S16	D21	735.0	dimensionless
S16-D21-850.0	NIRSCWAMPLITUDE	S16	D21	850.0	dimensionless
S16-D22-735.0	NIRSCWAMPLITUDE	S16	D22	735.0	dimensionless
S16-D22-850.0	NIRSCWAMPLITUDE	S16	D22	850.0	dimensionless
S16-D23-735.0	NIRSCWAMPLITUDE	S16	D23	735.0	dimensionless
S16-D23-850.0	NIRSCWAMPLITUDE	S16	D23	850.0	dimensionless
S16-D24-735.0	NIRSCWAMPLITUDE	S16	D24	735.0	dimensionless
S16-D24-850.0	NIRSCWAMPLITUDE	S16	D24	850.0	dimensionless
S17-D01-735.0	NIRSCWAMPLITUDE	S17	D01	735.0	dimensionless
S17-D01-850.0	NIRSCWAMPLITUDE	S17	D01	850.0	dimensionless
S17-D02-735.0	NIRSCWAMPLITUDE	S17	D02	735.0	dimensionless
S17-D02-850.0	NIRSCWAMPLITUDE	S17	D02	850.0	dimensionless
S17-D03-735.0	NIRSCWAMPLITUDE	S17	D03	735.0	dimensionless
S17-D03-850.0	NIRSCWAMPLITUDE	S17	D03	850.0	dimensionless
S17-D04-735.0	NIRSCWAMPLITUDE	S17	D04	735.0	dimensionless
S17-D04-850.0	NIRSCWAMPLITUDE	S17	D04	850.0	dimensionless
S17-D05-735.0	NIRSCWAMPLITUDE	S17	D05	735.0	dimensionless
S17-D05-850.0	NIRSCWAMPLITUDE	S17	D05	850.0	dimensionless
S17-D06-735.0	NIRSCWAMPLITUDE	S17	D06	735.0	dimensionless
S17-D06-850.0	NIRSCWAMPLITUDE	S17	D06	850.0	dimensionless
S17-D07-735.0	NIRSCWAMPLITUDE	S17	D07	735.0	dimensionless
S17-D07-850.0	NIRSCWAMPLITUDE	S17	D07	850.0	dimensionless
S17-D08-735.0	NIRSCWAMPLITUDE	S17	D08	735.0	dimensionless
S17-D08-850.0	NIRSCWAMPLITUDE	S17	D08	850.0	dimensionless
S17-D09-735.0	NIRSCWAMPLITUDE	S17	D09	735.0	dimensionless
S17-D09-850.0	NIRSCWAMPLITUDE	S17	D09	850.0	dimensionless
S17-D10-735.0	NIRSCWAMPLITUDE	S17	D10	735.0	dimensionless
S17-D10-850.0	NIRSCWAMPLITUDE	S17	D10	850.0	dimensionless
S17-D11-735.0	NIRSCWAMPLITUDE	S17	D11	735.0	dimensionless
S17-D11-850.0	NIRSCWAMPLITUDE	S17	D11	850.0	dimensionless
S17-D12-735.0	NIRSCWAMPLITUDE	S17	D12	735.0	dimensionless
S17-D12-850.0	NIRSCWAMPLITUDE	S17	D12	850.0	dimensionless
S17-D13-735.0	NIRSCWAMPLITUDE	S17	D13	735.0	dimensionless
S17-D13-850.0	NIRSCWAMPLITUDE	S17	D13	850.0	dimensionless
S17-D14-735.0	NIRSCWAMPLITUDE	S17	D14	735.0	dimensionless
S17-D14-850.0	NIRSCWAMPLITUDE	S17	D14	850.0	dimensionless
S17-D15-735.0	NIRSCWAMPLITUDE	S17	D15	735.0	dimensionless
S17-D15-850.0	NIRSCWAMPLITUDE	S17	D15	850.0	dimensionless
S17-D16-735.0	NIRSCWAMPLITUDE	S17	D16	735.0	dimensionless
S17-D16-850.0	NIRSCWAMPLITUDE	S17	D16	850.0	dimensionless
S17-D17-735.0	NIRSCWAMPLITUDE	S17	D17	735.0	dimensionless
S17-D17-850.0	NIRSCWAMPLITUDE	S17	D17	850.0	dimensionless
S17-D18-735.0	NIRSCWAMPLITUDE	S17	D18	735.0	dimensionless
S17-D18-850.0	NIRSCWAMPLITUDE	S17	D18	850.0	dimensionless
S17-D19-735.0	NIRSCWAMPLITUDE	S17	D19	735.0	dimensionless
S17-D19-850.0	NIRSCWAMPLITUDE	S17	D19	850.0	dimensionless
S17-D20-735.0	NIRSCWAMPLITUDE	S17	D20	735.0	dimensionless
S17-D20-850.0	NIRSCWAMPLITUDE	S17	D20	850.0	dimensionless
S17-D21-735.0	NIRSCWAMPLITUDE	S17	D21	735.0	dimensionless
S17-D21-850.0	NIRSCWAMPLITUDE	S17	D21	850.0	dimensionless
S17-D22-735.0	NIRSCWAMPLITUDE	S17	D22	735.0	dimensionless
S17-D22-850.0	NIRSCWAMPLITUDE	S17	D22	850.0	dimensionless
S17-D23-735.0	NIRSCWAMPLITUDE	S17	D23	735.0	dimensionless
S17-D23-850.0	NIRSCWAMPLITUDE	S17	D23	850.0	dimensionless
S17-D24-735.0	NIRSCWAMPLITUDE	S17	D24	735.0	dimensionless
S17-D24-850.0	NIRSCWAMPLITUDE	S17	D24	850.0	dimensionless
S18-D01-735.0	NIRSCWAMPLITUDE	S18	D01	735.0	dimensionless
S18-D01-850.0	NIRSCWAMPLITUDE	S18	D01	850.0	dimensionless
S18-D02-735.0	NIRSCWAMPLITUDE	S18	D02	735.0	dimensionless
S18-D02-850.0	NIRSCWAMPLITUDE	S18	D02	850.0	dimensionless
S18-D03-735.0	NIRSCWAMPLITUDE	S18	D03	735.0	dimensionless
S18-D03-850.0	NIRSCWAMPLITUDE	S18	D03	850.0	dimensionless
S18-D04-735.0	NIRSCWAMPLITUDE	S18	D04	735.0	dimensionless
S18-D04-850.0	NIRSCWAMPLITUDE	S18	D04	850.0	dimensionless
S18-D05-735.0	NIRSCWAMPLITUDE	S18	D05	735.0	dimensionless
S18-D05-850.0	NIRSCWAMPLITUDE	S18	D05	850.0	dimensionless
S18-D06-735.0	NIRSCWAMPLITUDE	S18	D06	735.0	dimensionless
S18-D06-850.0	NIRSCWAMPLITUDE	S18	D06	850.0	dimensionless
S18-D07-735.0	NIRSCWAMPLITUDE	S18	D07	735.0	dimensionless
S18-D07-850.0	NIRSCWAMPLITUDE	S18	D07	850.0	dimensionless
S18-D08-735.0	NIRSCWAMPLITUDE	S18	D08	735.0	dimensionless
S18-D08-850.0	NIRSCWAMPLITUDE	S18	D08	850.0	dimensionless
S18-D09-735.0	NIRSCWAMPLITUDE	S18	D09	735.0	dimensionless
S18-D09-850.0	NIRSCWAMPLITUDE	S18	D09	850.0	dimensionless
S18-D10-735.0	NIRSCWAMPLITUDE	S18	D10	735.0	dimensionless
S18-D10-850.0	NIRSCWAMPLITUDE	S18	D10	850.0	dimensionless
S18-D11-735.0	NIRSCWAMPLITUDE	S18	D11	735.0	dimensionless
S18-D11-850.0	NIRSCWAMPLITUDE	S18	D11	850.0	dimensionless
S18-D12-735.0	NIRSCWAMPLITUDE	S18	D12	735.0	dimensionless
S18-D12-850.0	NIRSCWAMPLITUDE	S18	D12	850.0	dimensionless
S18-D13-735.0	NIRSCWAMPLITUDE	S18	D13	735.0	dimensionless
S18-D13-850.0	NIRSCWAMPLITUDE	S18	D13	850.0	dimensionless
S18-D14-735.0	NIRSCWAMPLITUDE	S18	D14	735.0	dimensionless
S18-D14-850.0	NIRSCWAMPLITUDE	S18	D14	850.0	dimensionless
S18-D15-735.0	NIRSCWAMPLITUDE	S18	D15	735.0	dimensionless
S18-D15-850.0	NIRSCWAMPLITUDE	S18	D15	850.0	dimensionless
S18-D16-735.0	NIRSCWAMPLITUDE	S18	D16	735.0	dimensionless
S18-D16-850.0	NIRSCWAMPLITUDE	S18	D16	850.0	dimensionless
S18-D17-735.0	NIRSCWAMPLITUDE	S18	D17	735.0	dimensionless
S18-D17-850.0	NIRSCWAMPLITUDE	S18	D17	850.0	dimensionless
S18-D18-735.0	NIRSCWAMPLITUDE	S18	D18	735.0	dimensionless
S18-D18-850.0	NIRSCWAMPLITUDE	S18	D18	850.0	dimensionless
S18-D19-735.0	NIRSCWAMPLITUDE	S18	D19	735.0	dimensionless
S18-D19-850.0	NIRSCWAMPLITUDE	S18	D19	850.0	dimensionless
S18-D20-735.0	NIRSCWAMPLITUDE	S18	D20	735.0	dimensionless
S18-D20-850.0	NIRSCWAMPLITUDE	S18	D20	850.0	dimensionless
S18-D21-735.0	NIRSCWAMPLITUDE	S18	D21	735.0	dimensionless
S18-D21-850.0	NIRSCWAMPLITUDE	S18	D21	850.0	dimensionless
S18-D22-735.0	NIRSCWAMPLITUDE	S18	D22	735.0	dimensionless
S18-D22-850.0	NIRSCWAMPLITUDE	S18	D22	850.0	dimensionless
S18-D23-735.0	NIRSCWAMPLITUDE	S18	D23	735.0	dimensionless
S18-D23-850.0	NIRSCWAMPLITUDE	S18	D23	850.0	dimensionless
S18-D24-735.0	NIRSCWAMPLITUDE	S18	D24	735.0	dimensionless
S18-D24-850.0	NIRSCWAMPLITUDE	S18	D24	850.0	dimensionless
